Model,MSE,R² Score
Linear Regression,78.04527996058816,0.6792726509232075
Polynomial Regression (Degree 2),77.09768513393307,0.6831667951546774
